,mpg,hp,weight,accel,displ
mpg,1,-0.778427,-0.832244,0.423329,-0.805127
hp,-0.778427,1,0.864538,-0.689196,0.897257
weight,-0.832244,0.864538,1,-0.416839,0.932994
accel,0.423329,-0.689196,-0.416839,1,-0.5438
displ,-0.805127,0.897257,0.932994,-0.5438,1